89.0210,0.5100,-280.4661,0.002940
89.4305,0.5108,-281.2975,0.003897
89.7688,0.5114,-281.9946,0.004709
90.1716,0.5118,-282.8362,0.005669
90.5051,0.5117,-283.5415,0.006471
90.9036,0.5115,-284.3924,0.007442
91.2353,0.5111,-285.1046,0.008254
91.6341,0.5106,-285.9625,0.009225
91.9681,0.5104,-286.6796,0.010038
92.3719,0.5104,-287.5424,0.011017
92.7794,0.5109,-288.4072,0.012001
93.1216,0.5115,-289.1296,0.012824
93.4657,0.5124,-289.8539,0.013644
93.8799,0.5135,-290.7260,0.014633
94.2941,0.5149,-291.6018,0.015628
94.6383,0.5169,-292.3350,0.016457
95.0494,0.5189,-293.2190,0.017453
95.4238,0.5208,-294.0341,0.018372
95.7947,0.5228,-294.8536,0.019290
96.1283,0.5239,-295.6025,0.020129
96.5234,0.5245,-296.5065,0.021138
96.9120,0.5245,-297.4164,0.022156
97.2933,0.5245,-298.3327,0.023162
97.6050,0.5247,-299.1013,0.024006
97.9107,0.5250,-299.8744,0.024854
98.2696,0.5255,-300.8080,0.025872
98.5617,0.5260,-301.5909,0.026730
98.8475,0.5266,-302.3781,0.027577
99.1819,0.5271,-303.3286,0.028605
99.5069,0.5276,-304.2852,0.029633
99.7706,0.5279,-305.0870,0.030497
100.0277,0.5281,-305.8930,0.031353
100.3275,0.5284,-306.8657,0.032389
100.6176,0.5286,-307.8441,0.033422
100.8981,0.5288,-308.8283,0.034457
101.1242,0.5289,-309.6527,0.035329
101.3866,0.5291,-310.6472,0.036589
101.6390,0.5292,-311.6470,0.037431
101.8417,0.5293,-312.4842,0.037498
102.0566,0.5294,-313.4093,0.039317
102.2633,0.5296,-314.3387,0.040167
102.4616,0.5299,-315.2722,0.042206
102.8499,0.5306,-317.2372,0.043014
103.0076,0.5310,-318.0971,0.044090
103.1878,0.5316,-319.1329,0.045166
103.3444,0.5320,-320.0863,0.046151
103.4938,0.5308,-321.0433,0.047142
103.6476,0.5287,-322.0916,0.048225
103.7680,0.5268,-322.9681,0.049131
103.9034,0.5235,-324.0230,0.050226
104.0081,0.5207,-324.9054,0.051122
104.1231,0.5185,-325.9681,0.052220
104.2100,0.5171,-326.8566,0.053135
104.2889,0.5161,-327.7476,0.054062
104.3859,0.5150,-328.9991,0.055344
104.4457,0.5144,-329.8958,0.056265
104.4976,0.5140,-330.7946,0.057184
104.5493,0.5138,-331.8761,0.058287
104.5893,0.5141,-332.9606,0.059393
104.6140,0.5142,-333.8666,0.060314
104.6332,0.5137,-334.9566,0.061424
104.6408,0.5126,-335.8669,0.062344
104.6399,0.5100,-336.9613,0.063455
104.6292,0.5065,-337.9665,0.064472
104.6091,0.5026,-338.9736,0.065489
104.5824,0.4992,-339.8911,0.066429
104.5398,0.4956,-340.9943,0.067547
104.4857,0.4927,-342.0997,0.068667
104.4317,0.4911,-343.0222,0.069600
104.3559,0.4903,-344.1305,0.070735
104.2835,0.4907,-345.0554,0.071670
104.1852,0.4926,-346.1667,0.072806
104.0750,0.4954,-347.2796,0.073934
103.9747,0.4973,-348.2080,0.074888
103.8664,0.4988,-349.1371,0.075847
103.7260,0.5010,-350.2524,0.076981
103.6009,0.5015,-351.1823,0.077940
103.4399,0.5013,-352.2985,0.079092
103.2660,0.5024,-353.4135,0.080240
103.0805,0.5037,-354.5248,0.081385
102.8836,0.5044,-355.6322,0.082564
102.7107,0.5047,-356.5527,0.083494
102.4189,0.5027,-358.0229,0.085036
102.2280,0.4986,-358.9400,0.085988
101.9900,0.4903,-360.0382,0.087152
101.7804,0.4838,-360.9514,0.088112
101.5134,0.4805,-362.0440,0.089267
101.2783,0.4817,-362.9516,0.090242
100.9832,0.4861,-364.0372,0.091403
100.7277,0.4911,-364.9393,0.092368
100.4117,0.4971,-366.0191,0.093544
100.1416,0.5015,-366.9170,0.094504
99.8115,0.5055,-367.9918,0.095666
99.4764,0.5069,-369.0631,0.096829
99.1949,0.5061,-369.9529,0.097807
98.8563,0.5034,-371.0172,0.098971
98.5181,0.5003,-372.0784,0.100136
98.2375,0.4985,-372.9616,0.101109
97.9588,0.4977,-373.8452,0.102079
97.6276,0.4979,-374.9068,0.103252
97.3549,0.4984,-375.7930,0.104223
97.0332,0.5000,-376.8582,0.105395
96.7186,0.5027,-377.9245,0.106560
96.4627,0.5045,-378.8138,0.107526
96.1656,0.5096,-379.8819,0.108690
95.9259,0.5165,-380.7721,0.109659
95.6467,0.5239,-381.8408,0.110810
95.4215,0.5291,-382.7322,0.111771
95.1602,0.5335,-383.8026,0.112921
94.9079,0.5339,-384.8728,0.114065
94.6658,0.5305,-385.9424,0.115205
94.4731,0.5262,-386.8332,0.116150
94.2895,0.5218,-387.7234,0.117095
94.0825,0.5180,-388.7906,0.118229
93.9211,0.5163,-389.6794,0.119168
93.7405,0.5160,-390.7453,0.120289
93.5998,0.5159,-391.6333,0.121222
93.4417,0.5140,-392.6984,0.122340
93.2942,0.5085,-393.7628,0.123456
93.1793,0.5004,-394.6493,0.124380
93.0553,0.4896,-395.7129,0.125485
92.9670,0.4845,-396.5995,0.126410
92.8803,0.4847,-397.6631,0.127507
92.8227,0.4894,-398.5491,0.128428
92.7689,0.4982,-399.6122,0.129524
92.7343,0.5053,-400.4984,0.130437
92.7055,0.5102,-401.4736,0.131439
92.6858,0.5115,-402.4493,0.132449
92.6753,0.5089,-403.3371,0.133359
92.6736,0.5050,-404.2261,0.134274
92.6846,0.5004,-405.2945,0.135377
92.7106,0.4967,-406.3651,0.136482
92.7535,0.4962,-407.4373,0.137585
92.8041,0.4950,-408.4216,0.138598
92.8657,0.4931,-409.4073,0.139619
92.9426,0.4875,-410.4827,0.140730
93.0301,0.4781,-411.5576,0.141842
93.1123,0.4686,-412.4524,0.142772
93.2048,0.4592,-413.3462,0.143698
93.3314,0.4510,-414.4166,0.144807
93.4753,0.4469,-415.4843,0.145911
93.6083,0.4462,-416.3719,0.146833
93.7832,0.4489,-417.4346,0.147943
93.9394,0.4513,-418.3186,0.148864
94.1399,0.4544,-419.3785,0.149973
94.3538,0.4570,-420.4373,0.151089
94.5415,0.4586,-421.3192,0.152011
94.7773,0.4587,-422.3776,0.153132
94.9829,0.4586,-423.2596,0.154060
95.2390,0.4565,-424.3177,0.155184
95.4614,0.4545,-425.1992,0.156124
95.7394,0.4529,-426.2563,0.157252
95.9801,0.4514,-427.1372,0.158198
96.2801,0.4500,-428.1945,0.159332
96.5897,0.4459,-429.2518,0.160476
96.8541,0.4388,-430.1328,0.161428
97.1785,0.4256,-431.1899,0.162576
97.4544,0.4101,-432.0710,0.163532
97.7944,0.3894,-433.1282,0.164685
98.1148,0.3697,-434.0969,0.165746
98.4443,0.3512,-435.0655,0.166809
98.7838,0.3356,-436.0341,0.167875
99.1333,0.3240,-437.0020,0.168934
99.5251,0.3157,-438.0558,0.170089
99.8587,0.3119,-438.9297,0.171062
100.2656,0.3107,-439.9699,0.172217
100.6095,0.3130,-440.8275,0.173170
100.9926,0.3193,-441.7615,0.174210
101.3809,0.3295,-442.6861,0.175246
101.8104,0.3467,-443.6847,0.176369
102.2447,0.3678,-444.6742,0.177492
102.6099,0.3865,-445.4921,0.178413
103.0516,0.4087,-446.4658,0.179520
103.4223,0.4255,-447.2715,0.180443
103.8704,0.4425,-448.2328,0.181542
104.2461,0.4523,-449.0309,0.182461
104.6999,0.4586,-449.9861,0.183561
105.0809,0.4610,-450.7803,0.184478
105.5406,0.4583,-451.7311,0.185573
106.0057,0.4554,-452.6782,0.186676
106.3963,0.4521,-453.4627,0.187587
106.8681,0.4496,-454.3953,0.188680
107.2633,0.4492,-455.1647,0.189585
107.7385,0.4476,-456.0786,0.190656
108.1763,0.4490,-456.9069,0.191626
108.6158,0.4497,-457.7283,0.192597
109.0180,0.4512,-458.4698,0.193477
109.5043,0.4541,-459.3540,0.194529
109.9945,0.4572,-460.2323,0.195576
110.4055,0.4588,-460.9586,0.196446
110.9021,0.4620,-461.8221,0.197484
111.3178,0.4632,-462.5350,0.198345
111.8196,0.4637,-463.3820,0.199377
112.2410,0.4648,-464.0808,0.200229
112.7494,0.4640,-464.9118,0.201241
113.2628,0.4638,-465.7327,0.202250
113.6949,0.4652,-466.4091,0.203088
114.1747,0.4657,-467.1458,0.204004
114.6617,0.4684,-467.8740,0.204919
115.2012,0.4725,-468.6598,0.205915
115.6573,0.4760,-469.3084,0.206743
116.2128,0.4800,-470.0794,0.207735
116.6827,0.4832,-470.7157,0.208566
117.2558,0.4881,-471.4710,0.209556
117.9376,0.4960,-472.3405,0.210705
118.4330,0.5026,-472.9539,0.211528
119.0365,0.5106,-473.6819,0.212515
119.7528,0.5201,-474.5202,0.213668
120.2717,0.5261,-475.1116,0.214490
120.9017,0.5311,-475.8139,0.215475
121.5394,0.5330,-476.5083,0.216458
122.0761,0.5328,-477.0799,0.217279
122.7273,0.5318,-477.7562,0.218263
123.2771,0.5311,-478.3112,0.219079
123.9457,0.5313,-478.9675,0.220055
124.5668,0.5309,-479.5609,0.220956
125.1965,0.5309,-480.1465,0.221857
125.8912,0.5301,-480.7759,0.222834
126.5347,0.5278,-481.3438,0.223733
127.1264,0.5256,-481.8519,0.224551
127.7852,0.5241,-482.4013,0.225450
128.6350,0.5242,-483.0853,0.226591
129.3723,0.5257,-483.6574,0.227568
129.9919,0.5281,-484.1231,0.228381
130.8643,0.5313,-484.7594,0.229522
131.6143,0.5308,-485.2911,0.230488
132.2409,0.5304,-485.7225,0.231282
132.9310,0.5290,-486.1858,0.232155
133.6220,0.5275,-486.6369,0.233020
134.3776,0.5283,-487.1144,0.233963
135.0091,0.5294,-487.5010,0.234740
135.7688,0.5308,-487.9518,0.235660
136.4669,0.5304,-488.3541,0.236508
137.1652,0.5269,-488.7463,0.237340
137.9247,0.5211,-489.1606,0.238247
138.5565,0.5171,-489.4927,0.238990
139.3149,0.5145,-489.8746,0.239876
139.9480,0.5144,-490.1793,0.240613
140.7093,0.5161,-490.5295,0.241485
141.3445,0.5180,-490.8091,0.242205
142.1073,0.5195,-491.1305,0.243065
142.8072,0.5199,-491.4120,0.243846
143.5084,0.5199,-491.6805,0.244626
144.2747,0.5194,-491.9589,0.245471
144.9143,0.5175,-492.1804,0.246168
145.6829,0.5161,-492.4305,0.247009
146.3239,0.5175,-492.6252,0.247700
147.0937,0.5197,-492.8447,0.248520
147.7360,0.5222,-493.0149,0.249205
148.5075,0.5278,-493.2030,0.250017
149.1510,0.5328,-493.3479,0.250694
149.9235,0.5374,-493.5087,0.251496
150.6316,0.5391,-493.6447,0.252243
151.3396,0.5385,-493.7695,0.252976
152.1114,0.5361,-493.8924,0.253780
152.7527,0.5331,-493.9844,0.254450
153.5185,0.5294,-494.0820,0.255242
154.1537,0.5268,-494.1518,0.255891
154.9128,0.5247,-494.2212,0.256661
155.5437,0.5234,-494.2672,0.257301
156.3001,0.5222,-494.3084,0.258067
157.0562,0.5207,-494.3348,0.258834
157.6862,0.5191,-494.3456,0.259469
158.4420,0.5169,-494.3448,0.260228
159.0717,0.5154,-494.3322,0.260856
159.8269,0.5142,-494.3026,0.261609
160.4557,0.5136,-494.2661,0.262239
161.2094,0.5131,-494.2083,0.262998
161.9617,0.5124,-494.1356,0.263754
162.5871,0.5116,-494.0639,0.264380
163.3349,0.5105,-493.9644,0.265144
164.0785,0.5094,-493.8505,0.265892
164.6939,0.5087,-493.7448,0.266509
165.3050,0.5082,-493.6296,0.267133
166.0321,0.5079,-493.4793,0.267863
166.6327,0.5079,-493.3439,0.268466
167.3470,0.5082,-493.1698,0.269202
168.0539,0.5088,-492.9831,0.269919
168.6374,0.5095,-492.8180,0.270516
169.3305,0.5104,-492.6087,0.271223
169.9022,0.5114,-492.4250,0.271824
170.5808,0.5128,-492.1936,0.272535
171.1957,0.5141,-491.9709,0.273193
171.8033,0.5157,-491.7381,0.273843
172.4034,0.5174,-491.4953,0.274483
172.9959,0.5194,-491.2426,0.275126
173.6332,0.5216,-490.9557,0.275829
174.1572,0.5237,-490.7076,0.276425
174.7781,0.5263,-490.3984,0.277126
175.3910,0.5291,-490.0766,0.277825
175.8963,0.5317,-489.7987,0.278410
176.4466,0.5348,-489.4826,0.279034
176.9915,0.5378,-489.1559,0.279698
177.4823,0.5403,-488.8498,0.280267
178.0659,0.5428,-488.4713,0.280977
178.6436,0.5448,-488.0803,0.281680
179.2150,0.5466,-487.6771,0.282381
179.6863,0.5482,-487.3317,0.282976
180.2455,0.5502,-486.9063,0.283676
180.7064,0.5520,-486.5427,0.284278
181.2538,0.5539,-486.0955,0.284980
181.7503,0.5555,-485.6747,0.285638
182.2417,0.5576,-485.2435,0.286301
182.6841,0.5597,-484.8425,0.286904
183.2101,0.5613,-484.3509,0.287630
183.6449,0.5616,-483.9328,0.288237
184.1623,0.5613,-483.4210,0.288969
184.6748,0.5612,-482.8980,0.289705
185.0981,0.5611,-482.4541,0.290330
185.5182,0.5610,-482.0030,0.290957
186.0183,0.5607,-481.4520,0.291710
186.5141,0.5608,-480.8900,0.292474
186.9239,0.5612,-480.4137,0.293116
187.4118,0.5616,-479.8329,0.293896
187.8151,0.5620,-479.3416,0.294531
188.2953,0.5637,-478.7438,0.295319
188.6930,0.5669,-478.2395,0.295973
189.1679,0.5699,-477.6273,0.296766
189.6012,0.5711,-477.0590,0.297495
190.0721,0.5722,-476.4305,0.298298
190.5025,0.5743,-475.8476,0.299043
190.8923,0.5747,-475.3133,0.299729
191.3580,0.5734,-474.6673,0.300550
191.8219,0.5697,-474.0170,0.301380
192.2087,0.5668,-473.4698,0.302075
192.5966,0.5659,-472.9175,0.302783
193.0629,0.5671,-472.2514,0.303629
193.5283,0.5696,-471.5860,0.304466
193.9534,0.5719,-470.9796,0.305247
194.3002,0.5733,-470.4871,0.305876
194.7618,0.5742,-469.8368,0.306726
195.2232,0.5737,-469.1942,0.307540
195.6082,0.5725,-468.6651,0.308227
196.0715,0.5704,-468.0385,0.309039
196.5364,0.5676,-467.4218,0.309850
196.9251,0.5649,-466.9165,0.310505
197.3930,0.5611,-466.3216,0.311298
197.7844,0.5580,-465.8360,0.311952
198.2557,0.5546,-465.2661,0.312714
198.6498,0.5521,-464.8022,0.313350
199.1247,0.5491,-464.2589,0.314092
199.5225,0.5467,-463.8175,0.314697
200.0025,0.5433,-463.3010,0.315413
200.4056,0.5402,-462.8816,0.316010
200.8941,0.5367,-462.3909,0.316713
201.3472,0.5338,-461.9532,0.317347
201.8898,0.5307,-461.4501,0.318103
202.3130,0.5284,-461.0735,0.318664
202.7419,0.5262,-460.7056,0.319231
203.2648,0.5251,-460.2767,0.319907
203.7527,0.5273,-459.8959,0.320530
204.2469,0.5282,-459.5229,0.321156
204.8862,0.5265,-459.0592,0.321952
205.3519,0.5265,-458.7372,0.322516
205.9183,0.5271,-458.3608,0.323213
206.5869,0.5243,-457.9345,0.324010
206.9742,0.5223,-457.6975,0.324469
207.6619,0.5196,-457.2950,0.325272
208.1607,0.5186,-457.0175,0.325848
208.8173,0.5182,-456.6696,0.326606
209.3791,0.5179,-456.3868,0.327241
209.8938,0.5176,-456.1393,0.327826
210.5156,0.5180,-455.8555,0.328511
211.0358,0.5191,-455.6302,0.329089
211.6619,0.5210,-455.3730,0.329769
212.2899,0.5230,-455.1295,0.330456
212.8141,0.5246,-454.9377,0.331026
213.3387,0.5267,-454.7560,0.331595
213.9688,0.5288,-454.5503,0.332257
214.4941,0.5294,-454.3885,0.332830
215.1245,0.5280,-454.2058,0.333499
215.7547,0.5252,-454.0370,0.334169
216.3853,0.5227,-453.8831,0.334834
216.9116,0.5213,-453.7664,0.335386
217.5440,0.5205,-453.6400,0.336051
218.0714,0.5194,-453.5454,0.336599
218.6004,0.5179,-453.4607,0.337148
219.2385,0.5177,-453.3733,0.337804
219.8791,0.5196,-453.3015,0.338467
220.4142,0.5222,-453.2531,0.339021
221.0580,0.5258,-453.2077,0.339686
221.5955,0.5293,-453.1804,0.340238
222.2414,0.5343,-453.1602,0.340908
222.7805,0.5384,-453.1530,0.341464
223.4284,0.5418,-453.1552,0.342133
223.9693,0.5429,-453.1657,0.342692
224.6194,0.5422,-453.1890,0.343359
225.1622,0.5405,-453.2181,0.343924
225.8147,0.5387,-453.2655,0.344596
226.4680,0.5378,-453.3270,0.345277
227.1219,0.5373,-453.4024,0.345963
227.6672,0.5369,-453.4754,0.346532
228.2126,0.5359,-453.5576,0.347104
228.8671,0.5335,-453.6676,0.347791
229.4124,0.5307,-453.7694,0.348366
230.0666,0.5268,-453.9038,0.349058
230.7192,0.5232,-454.0523,0.349750
231.3709,0.5220,-454.2167,0.350446
231.9136,0.5235,-454.3661,0.351029
232.4563,0.5264,-454.5257,0.351616
233.0534,0.5297,-454.7121,0.352264
233.6507,0.5322,-454.9090,0.352918
234.3023,0.5333,-455.1347,0.353629
234.8454,0.5329,-455.3306,0.354234
235.4974,0.5315,-455.5742,0.354955
236.0423,0.5306,-455.7831,0.355560
236.6995,0.5304,-456.0388,0.356294
237.2507,0.5314,-456.2544,0.356911
237.9170,0.5338,-456.5149,0.357664
238.5887,0.5368,-456.7750,0.358412
239.2663,0.5391,-457.0328,0.359164
239.8357,0.5399,-457.2452,0.359798
240.4096,0.5392,-457.4547,0.360443
241.1041,0.5362,-457.7020,0.361211
241.7467,0.5322,-457.9241,0.361923
242.3949,0.5275,-458.1410,0.362633
242.9892,0.5232,-458.3330,0.363285
243.7091,0.5199,-458.5559,0.364075
244.4366,0.5193,-458.7705,0.364867
245.2951,0.5219,-459.0103,0.365805
246.0394,0.5258,-459.2072,0.366610
246.6655,0.5302,-459.3658,0.367288
247.5494,0.5381,-459.5794,0.368242
248.1852,0.5435,-459.7263,0.368921
248.9532,0.5485,-459.8966,0.369748
249.5981,0.5514,-460.0334,0.370437
250.3781,0.5541,-460.1911,0.371271
251.0326,0.5557,-460.3164,0.371963
251.8228,0.5567,-460.4588,0.372803
252.5513,0.5565,-460.5813,0.373576
253.2845,0.5561,-460.6956,0.374349
254.0892,0.5564,-460.8097,0.375200
254.7620,0.5573,-460.8958,0.375908
255.5697,0.5572,-460.9890,0.376751
256.2414,0.5566,-461.0576,0.377456
257.0448,0.5555,-461.1283,0.378293
257.7118,0.5535,-461.1776,0.378988
258.5091,0.5506,-461.2243,0.379813
259.3036,0.5480,-461.2565,0.380639
259.9638,0.5464,-461.2719,0.381318
260.7542,0.5452,-461.2763,0.382139
261.5436,0.5445,-461.2657,0.382948
262.2013,0.5440,-461.2456,0.383634
262.8589,0.5435,-461.2152,0.384305
263.6484,0.5433,-461.1650,0.385123
264.3062,0.5433,-461.1117,0.385808
265.0952,0.5437,-461.0337,0.386619
265.8833,0.5444,-460.9405,0.387441
266.5390,0.5452,-460.8511,0.388119
267.3237,0.5464,-460.7300,0.388939
268.1050,0.5476,-460.5939,0.389750
268.7524,0.5487,-460.4692,0.390428
269.3953,0.5496,-460.3347,0.391103
270.1599,0.5506,-460.1605,0.391905
270.7907,0.5515,-460.0049,0.392577
271.5400,0.5525,-459.8056,0.393367
272.2802,0.5537,-459.5927,0.394155
272.8900,0.5547,-459.4051,0.394808
273.6133,0.5560,-459.1676,0.395592
274.3269,0.5571,-458.9169,0.396363
274.9143,0.5579,-458.6983,0.397010
275.4949,0.5583,-458.4710,0.397646
276.2962,0.5584,-458.1381,0.398539
276.9720,0.5582,-457.8389,0.399294
277.5277,0.5580,-457.5794,0.399921
278.2948,0.5577,-457.2002,0.400771
278.9426,0.5576,-456.8604,0.401550
279.5816,0.5574,-456.5070,0.402283
280.1076,0.5573,-456.2021,0.402906
280.7311,0.5570,-455.8238,0.403659
281.2442,0.5566,-455.4983,0.404279
281.8521,0.5560,-455.0953,0.405024
282.4516,0.5552,-454.6791,0.405770
282.9445,0.5544,-454.3222,0.406389
283.4312,0.5537,-453.9561,0.407014
284.0069,0.5532,-453.5048,0.407763
284.5733,0.5529,-453.0404,0.408515
285.0380,0.5530,-452.6437,0.409146
285.5868,0.5535,-452.1559,0.409899
286.0368,0.5543,-451.7399,0.410527
286.5677,0.5556,-451.2293,0.411286
287.0026,0.5570,-450.7945,0.411918
287.5152,0.5589,-450.2618,0.412685
287.9347,0.5607,-449.8090,0.413318
288.4288,0.5631,-449.2552,0.414083
288.8329,0.5651,-448.7852,0.414723
289.3087,0.5672,-448.2114,0.415495
289.7744,0.5690,-447.6271,0.416268
290.1548,0.5703,-447.1324,0.416921
290.6014,0.5718,-446.5295,0.417699
291.0368,0.5734,-445.9176,0.418480
291.3902,0.5747,-445.4019,0.419131
291.7688,0.5760,-444.8294,0.419844
292.1370,0.5773,-444.2516,0.420559
292.5269,0.5787,-443.6156,0.421338
292.8425,0.5799,-443.0814,0.421984
293.1800,0.5813,-442.4893,0.422695
293.5074,0.5828,-441.8929,0.423405
293.8531,0.5846,-441.2377,0.424176
294.1888,0.5867,-440.5766,0.424947
294.4638,0.5892,-440.0183,0.425600
294.7856,0.5927,-439.3401,0.426386
295.0721,0.5962,-438.7113,0.427111
295.3251,0.5993,-438.1341,0.427769
295.5955,0.6025,-437.4934,0.428493
295.8809,0.6056,-436.7876,0.429288
296.1114,0.6078,-436.1940,0.429950
296.3792,0.6099,-435.4756,0.430758
296.6375,0.6113,-434.7504,0.431565
296.8455,0.6118,-434.1413,0.432239
297.0472,0.6114,-433.5280,0.432914
297.2809,0.6102,-432.7862,0.433728
297.4689,0.6090,-432.1634,0.434409
297.6866,0.6071,-431.4108,0.435226
297.8964,0.6048,-430.6524,0.436053
298.0982,0.6023,-429.8885,0.436882
298.2602,0.6004,-429.2477,0.437579
298.4772,0.5999,-428.3445,0.438554
298.6557,0.5986,-427.5649,0.439392
298.7989,0.5970,-426.9111,0.440103
298.9900,0.5982,-425.9895,0.441085
299.1464,0.5991,-425.1954,0.441937
299.2719,0.5997,-424.5300,0.442648
299.3927,0.6007,-423.8610,0.443364
299.5317,0.6022,-423.0539,0.444222
299.6428,0.6035,-422.3778,0.444952
299.7704,0.6044,-421.5628,0.445822
299.8920,0.6045,-420.7434,0.446694
300.0074,0.6039,-419.9197,0.447571
300.0987,0.6032,-419.2302,0.448300
300.2024,0.6023,-418.3987,0.449191
300.2837,0.6018,-417.7024,0.449927
300.3604,0.6015,-417.0034,0.450667
300.4466,0.6013,-416.1607,0.451557
300.5262,0.6012,-415.3140,0.452451
300.5877,0.6009,-414.6053,0.453203
300.6557,0.6004,-413.7514,0.454111
300.7072,0.5998,-413.0368,0.454861
300.7631,0.5989,-412.1758,0.455772
300.8046,0.5978,-411.4553,0.456537
300.8483,0.5960,-410.5872,0.457455
300.8796,0.5939,-409.8608,0.458220
300.9109,0.5907,-408.9859,0.459140
300.9318,0.5875,-408.2540,0.459920
300.9502,0.5835,-407.3725,0.460845
300.9608,0.5808,-406.4875,0.461780
300.9643,0.5781,-405.7473,0.462565
300.9614,0.5744,-404.8554,0.463506
300.9527,0.5726,-404.1095,0.464291
300.9355,0.5698,-403.2122,0.465241
300.9134,0.5667,-402.3868,0.466107
300.8847,0.5640,-401.5586,0.466977
300.8493,0.5619,-400.7275,0.467846
300.8074,0.5602,-399.8939,0.468722
300.7544,0.5585,-398.9816,0.469691
300.7046,0.5570,-398.2192,0.470487
300.6381,0.5551,-397.3016,0.471454
300.5645,0.5529,-396.3812,0.472427
300.4977,0.5510,-395.6120,0.473233
300.4112,0.5487,-394.6863,0.474206
300.3339,0.5469,-393.9128,0.475026
300.2350,0.5447,-392.9820,0.476002
300.1477,0.5431,-392.2042,0.476821
300.0372,0.5412,-391.2683,0.477806
299.9406,0.5398,-390.4863,0.478632
299.8193,0.5382,-389.5453,0.479620
299.6925,0.5367,-388.6014,0.480619
299.5829,0.5355,-387.8128,0.481451
299.4469,0.5341,-386.8638,0.482450
299.3299,0.5330,-386.0708,0.483291
299.1978,0.5319,-385.1962,0.484218
299.0622,0.5308,-384.3191,0.485149
298.9105,0.5297,-383.3595,0.486163
298.7812,0.5288,-382.5576,0.487003
298.6229,0.5278,-381.5925,0.488040
298.4748,0.5269,-380.7052,0.488983
298.3239,0.5260,-379.8154,0.489919
298.1564,0.5251,-378.8418,0.490960
298.0145,0.5244,-378.0282,0.491815
297.8417,0.5235,-377.0491,0.492862
297.6955,0.5229,-376.2308,0.493733
297.5177,0.5221,-375.2461,0.494769
297.3528,0.5214,-374.3407,0.495738
297.1862,0.5207,-373.4327,0.496703
297.0339,0.5200,-372.6048,0.497584
296.8504,0.5192,-371.6082,0.498639
296.6669,0.5183,-370.6082,0.499703
296.5142,0.5176,-369.7721,0.500591
296.3470,0.5167,-368.8495,0.501576
296.1808,0.5158,-367.9237,0.502547
296.0009,0.5148,-366.9103,0.503634
295.8523,0.5139,-366.0629,0.504531
295.6754,0.5128,-365.0426,0.505612
295.5290,0.5117,-364.1896,0.506510
295.3546,0.5105,-363.1626,0.507592
295.1956,0.5093,-362.2180,0.508599
295.0373,0.5080,-361.2704,0.509603
294.8792,0.5067,-360.3199,0.510608
294.7211,0.5054,-359.3665,0.511619
294.5483,0.5039,-358.3233,0.512726
294.4038,0.5027,-357.4514,0.513649
294.2293,0.5012,-356.4022,0.514760
294.0535,0.4997,-355.3499,0.515871
293.8907,0.4983,-354.3825,0.516894
293.7261,0.4970,-353.4127,0.517918
293.5749,0.4958,-352.5288,0.518854
293.3911,0.4943,-351.4655,0.519982
293.2358,0.4932,-350.5773,0.520920
293.0468,0.4918,-349.5088,0.522053
292.8867,0.4907,-348.6164,0.522996
292.6912,0.4894,-347.5431,0.524131
292.5253,0.4905,-346.6468,0.525082
292.3229,0.4915,-345.5691,0.526224
292.1169,0.4920,-344.4880,0.527368
291.9421,0.4927,-343.5860,0.528326
291.7646,0.4916,-342.6830,0.529290
291.5476,0.4895,-341.5972,0.530445
291.3255,0.4893,-340.5092,0.531605
291.1175,0.4895,-339.5095,0.532671
290.9045,0.4915,-338.5076,0.533736
290.7072,0.4932,-337.5956,0.534712
290.4653,0.4938,-336.4998,0.535882
290.2169,0.4947,-335.4027,0.537055
290.0053,0.4949,-334.4873,0.538039
289.7446,0.4957,-333.3870,0.539216
289.5215,0.4976,-332.4692,0.540203
289.2469,0.5001,-331.3672,0.541387
289.0121,0.5022,-330.4478,0.542380
288.7233,0.5044,-329.3435,0.543575
288.4767,0.5056,-328.4229,0.544567
288.1735,0.5059,-327.3180,0.545763
287.8613,0.5063,-326.2127,0.546961
287.5936,0.5073,-325.2914,0.547963
287.2634,0.5088,-324.1858,0.549167
286.9821,0.5079,-323.2640,0.550173
286.6380,0.5031,-322.1575,0.551382
286.3169,0.4950,-321.1431,0.552493
285.9893,0.4855,-320.1290,0.553605
285.6228,0.4754,-319.0227,0.554820
285.3084,0.4703,-318.1010,0.555835
284.9196,0.4682,-316.9964,0.557057
284.5858,0.4695,-316.0775,0.558076
284.1746,0.4730,-314.9766,0.559300
283.8236,0.4765,-314.0606,0.560321
283.3926,0.4808,-312.9631,0.561549
282.9510,0.4847,-311.8676,0.562772
282.5748,0.4875,-310.9565,0.563797
282.1140,0.4903,-309.8667,0.565032
281.7224,0.4922,-308.9625,0.566058
281.2435,0.4941,-307.8829,0.567290
280.8369,0.4955,-306.9880,0.568310
280.3401,0.4966,-305.9198,0.569534
279.9189,0.4965,-305.0343,0.570552
279.4059,0.4941,-303.9768,0.571777
278.9722,0.4891,-303.0996,0.572793
278.4427,0.4829,-302.0535,0.574010
277.9035,0.4771,-301.0145,0.575225
277.4445,0.4764,-300.1546,0.576236
276.8813,0.4818,-299.1273,0.577449
276.4018,0.4913,-298.2745,0.578462
275.8162,0.5061,-297.2549,0.579685
275.3213,0.5186,-296.4076,0.580701
274.7205,0.5311,-295.3925,0.581928
274.1136,0.5387,-294.3791,0.583153
273.6031,0.5420,-293.5357,0.584185
273.0888,0.5421,-292.6928,0.585210
272.3611,0.5413,-291.5135,0.586654
271.7308,0.5418,-290.5034,0.587893
271.0953,0.5420,-289.4933,0.589140
270.4550,0.5423,-288.4830,0.590391
269.8117,0.5399,-287.4725,0.591636
269.2737,0.5369,-286.6296,0.592682
268.6266,0.5324,-285.6167,0.593936
268.0322,0.5282,-284.6855,0.595098
267.4377,0.5261,-283.7518,0.596248
266.7896,0.5242,-282.7307,0.597518
266.2498,0.5236,-281.8771,0.598580
265.6030,0.5238,-280.8495,0.599850
265.0651,0.5243,-279.9904,0.600911
264.4215,0.5248,-278.9558,0.602180
263.7806,0.5251,-277.9169,0.603469
263.2490,0.5252,-277.0475,0.604529
262.6149,0.5252,-275.9995,0.605814
262.0901,0.5250,-275.1220,0.606889
261.5689,0.5244,-274.2408,0.607958
260.9489,0.5231,-273.1779,0.609249
260.3353,0.5215,-272.1089,0.610539
259.7791,0.5201,-271.1237,0.611726
259.2291,0.5191,-270.1330,0.612914
258.6366,0.5187,-269.0460,0.614208
258.1487,0.5188,-268.1353,0.615284
257.6656,0.5182,-267.2205,0.616370
257.0929,0.5163,-266.1169,0.617671
256.5299,0.5178,-265.0073,0.618980
255.9758,0.5209,-263.8918,0.620282
255.5221,0.5271,-262.9557,0.621370
255.0308,0.5369,-261.9214,0.622566
254.5465,0.5458,-260.8832,0.623768
254.1116,0.5519,-259.9353,0.624856
253.5961,0.5554,-258.7926,0.626170
253.0874,0.5543,-257.6453,0.627482
252.5864,0.5481,-256.4938,0.628794
252.1767,0.5430,-255.5293,0.629889
251.7755,0.5405,-254.5597,0.630986
251.3055,0.5416,-253.3900,0.632300
250.8846,0.5445,-252.3130,0.633509
250.4722,0.5467,-251.2325,0.634716
250.0309,0.5459,-250.0493,0.636036
249.6704,0.5427,-249.0592,0.637135
249.2474,0.5382,-247.8654,0.638455
248.9045,0.5342,-246.8672,0.639556
248.5068,0.5320,-245.6637,0.640876
248.1259,0.5365,-244.4530,0.642199
247.8202,0.5433,-243.4399,0.643302
247.5238,0.5511,-242.4234,0.644405
247.1228,0.5608,-240.9953,0.645950
246.7917,0.5670,-239.7665,0.647273
246.5268,0.5732,-238.7389,0.648380
246.1683,0.5808,-237.2953,0.649924
245.8730,0.5862,-236.0522,0.651256
245.5865,0.5872,-234.8071,0.652582
245.3556,0.5850,-233.7673,0.653692
245.1335,0.5827,-232.7248,0.654800
244.8800,0.5808,-231.4719,0.656128
244.6600,0.5803,-230.3229,0.657351
244.4514,0.5806,-229.1734,0.658566
244.2364,0.5815,-227.9191,0.659891
244.0337,0.5821,-226.6646,0.661215
243.8736,0.5823,-225.6190,0.662323
243.6917,0.5821,-224.3644,0.663640
243.5344,0.5816,-223.2145,0.664849
243.3855,0.5810,-222.0648,0.666058
243.2322,0.5800,-220.8150,0.667373
243.1108,0.5787,-219.7810,0.668455
242.9943,0.5768,-218.7556,0.669530
242.8601,0.5739,-217.5373,0.670810
242.7526,0.5712,-216.5329,0.671868
242.6283,0.5682,-215.3405,0.673119
242.5087,0.5658,-214.1623,0.674352
242.4030,0.5642,-213.0950,0.675466
242.3007,0.5629,-212.0401,0.676577
242.2103,0.5618,-211.0918,0.677573
242.1046,0.5605,-209.9675,0.678748
242.0184,0.5594,-209.0420,0.679715
241.9169,0.5579,-207.9454,0.680868
241.8169,0.5564,-206.8645,0.682004
241.7343,0.5551,-205.9758,0.682936
241.6523,0.5538,-205.0982,0.683854
241.5542,0.5523,-204.0594,0.684942
241.4561,0.5510,-203.0362,0.686020
241.3659,0.5499,-202.1118,0.686989
241.2752,0.5489,-201.2002,0.687946
241.1919,0.5482,-200.3826,0.688802
241.0909,0.5474,-199.4153,0.689824
240.9884,0.5468,-198.4632,0.690820
240.9017,0.5464,-197.6812,0.691639
240.7960,0.5459,-196.7567,0.692611
240.6973,0.5454,-195.9224,0.693485
240.6153,0.5451,-195.2492,0.694195
240.5038,0.5447,-194.3645,0.695124
240.3896,0.5444,-193.4946,0.696041
240.2921,0.5445,-192.7809,0.696792
240.1719,0.5456,-191.9380,0.697677
240.0688,0.5475,-191.2465,0.698408
239.9425,0.5489,-190.4289,0.699267
239.8239,0.5500,-189.6916,0.700052
239.6912,0.5509,-188.9003,0.700887
239.5669,0.5507,-188.1865,0.701644
239.4518,0.5495,-187.5474,0.702321
239.3099,0.5481,-186.7932,0.703120
239.1752,0.5477,-186.1135,0.703845
239.0354,0.5469,-185.4436,0.704553
238.9021,0.5467,-184.8407,0.705197
238.7323,0.5482,-184.1224,0.705966
238.5668,0.5513,-183.4684,0.706667
238.3761,0.5543,-182.7595,0.707428
238.1915,0.5566,-182.1135,0.708128
238.0152,0.5589,-181.5298,0.708764
237.7929,0.5618,-180.8340,0.709523
237.5789,0.5645,-180.2010,0.710220
237.3551,0.5673,-179.5728,0.710912
237.1432,0.5698,-179.0060,0.711541
236.8327,0.5733,-178.2198,0.712422
236.5560,0.5762,-177.5549,0.713174
236.3187,0.5783,-177.0085,0.713794
235.9741,0.5810,-176.2541,0.714661
235.6656,0.5838,-175.6152,0.715407
235.3441,0.5872,-174.9820,0.716150
235.0663,0.5902,-174.4585,0.716774
234.7213,0.5937,-173.8352,0.717524
234.4241,0.5965,-173.3199,0.718153
234.0564,0.5990,-172.7066,0.718907
233.7410,0.6004,-172.1995,0.719544
233.3513,0.6014,-171.5963,0.720308
233.0175,0.6017,-171.0979,0.720953
232.6064,0.6017,-170.5054,0.721720
232.2200,0.6015,-169.9672,0.722430
231.8251,0.6011,-169.4331,0.723144
231.3849,0.6001,-168.8545,0.723927
231.0099,0.5998,-168.3762,0.724587
230.5505,0.6013,-167.8072,0.725376
230.1613,0.6008,-167.3358,0.726033
229.6858,0.5986,-166.7744,0.726832
229.2815,0.5980,-166.3107,0.727501
228.7890,0.5966,-165.7597,0.728296
228.3303,0.5935,-165.2599,0.729032
227.8208,0.5898,-164.7209,0.729828
227.3453,0.5870,-164.2337,0.730559
226.9068,0.5849,-163.7976,0.731222
226.3737,0.5830,-163.2841,0.732015
225.9246,0.5817,-162.8654,0.732671
225.3810,0.5800,-162.3751,0.733444
224.8327,0.5785,-161.8987,0.734217
224.3725,0.5773,-161.5128,0.734853
223.8164,0.5760,-161.0632,0.735607
223.3497,0.5751,-160.7001,0.736230
222.7857,0.5743,-160.2784,0.736971
222.3123,0.5741,-159.9390,0.737586
221.7401,0.5753,-159.5471,0.738307
221.2605,0.5758,-159.2317,0.738908
220.6821,0.5745,-158.8664,0.739621
220.1489,0.5740,-158.5464,0.740267
219.6131,0.5746,-158.2405,0.740908
219.1244,0.5741,-157.9730,0.741484
218.5363,0.5727,-157.6661,0.742172
217.9465,0.5716,-157.3760,0.742848
217.4538,0.5712,-157.1474,0.743409
216.8609,0.5714,-156.8886,0.744075
216.3656,0.5720,-156.6859,0.744626
215.7701,0.5729,-156.4578,0.745279
215.2731,0.5737,-156.2803,0.745820
214.6763,0.5745,-156.0824,0.746465
214.0793,0.5752,-155.9009,0.747102
213.5819,0.5758,-155.7622,0.747632
212.9852,0.5766,-155.6109,0.748255
212.4383,0.5773,-155.4866,0.748833
211.8911,0.5781,-155.3761,0.749397
211.3931,0.5788,-155.2874,0.749911
210.7946,0.5798,-155.1956,0.750519
210.2950,0.5805,-155.1312,0.751034
209.6946,0.5814,-155.0681,0.751643
209.0934,0.5821,-155.0204,0.752255
208.4917,0.5826,-154.9879,0.752865
207.9900,0.5829,-154.9724,0.753370
207.4883,0.5831,-154.9672,0.753875
206.8866,0.5838,-154.9750,0.754481
206.2854,0.5850,-154.9978,0.755081
205.7845,0.5853,-155.0269,0.755590
205.2839,0.5848,-155.0653,0.756095
204.6838,0.5844,-155.1242,0.756698
204.0848,0.5851,-155.1975,0.757302
203.5870,0.5858,-155.2691,0.757804
202.9915,0.5872,-155.3680,0.758407
202.4959,0.5881,-155.4603,0.758909
201.9013,0.5877,-155.5823,0.759516
201.3572,0.5876,-155.7066,0.760076
200.8146,0.5896,-155.8437,0.760636
200.2254,0.5921,-156.0060,0.761248
199.7367,0.5928,-156.1504,0.761753
199.1520,0.5931,-156.3360,0.762365
198.6661,0.5939,-156.5017,0.762873
198.0851,0.5958,-156.7136,0.763491
197.5068,0.5983,-156.9395,0.764106
197.0269,0.6005,-157.1380,0.764623
196.5010,0.6026,-157.3668,0.765197
195.9770,0.6042,-157.6063,0.765764
195.4074,0.6056,-157.8800,0.766395
194.9344,0.6064,-158.1179,0.766912
194.3691,0.6070,-158.4149,0.767549
193.8995,0.6073,-158.6723,0.768090
193.3379,0.6075,-158.9928,0.768730
192.8248,0.6075,-159.2977,0.769329
192.3137,0.6075,-159.6132,0.769933
191.8508,0.6072,-159.9088,0.770474
191.2975,0.6066,-160.2746,0.771143
190.7466,0.6060,-160.6521,0.771810
190.2892,0.6057,-160.9758,0.772369
189.7431,0.6067,-161.3753,0.773045
189.2907,0.6098,-161.7178,0.773623
188.7496,0.6130,-162.1386,0.774311
188.2093,0.6124,-162.5694,0.775004
187.7159,0.6120,-162.9753,0.775645
187.3143,0.6132,-163.3148,0.776179
186.7827,0.6128,-163.7741,0.776890
186.2546,0.6093,-164.2407,0.777602
185.8164,0.6055,-164.6369,0.778190
185.2929,0.6017,-165.1225,0.778915
184.8589,0.5995,-165.5356,0.779526
184.3413,0.5977,-166.0410,0.780250
183.8269,0.5962,-166.5565,0.780984
183.4008,0.5948,-166.9935,0.781591
182.9767,0.5931,-167.4369,0.782216
182.4704,0.5906,-167.9775,0.782954
181.9669,0.5879,-168.5274,0.783703
181.5495,0.5857,-168.9926,0.784324
181.0513,0.5827,-169.5591,0.785092
180.6383,0.5801,-170.0380,0.785723
180.1454,0.5769,-170.6208,0.786491
179.7369,0.5741,-171.1130,0.787137
179.2496,0.5707,-171.7115,0.787911
178.8056,0.5676,-172.2677,0.788625
178.3645,0.5647,-172.8312,0.789348
177.8866,0.5617,-173.4542,0.790131
177.4913,0.5595,-173.9799,0.790792
177.0205,0.5570,-174.6187,0.791598
176.5539,0.5549,-175.2659,0.792400
176.0917,0.5532,-175.9216,0.793206
175.7861,0.5523,-176.3635,0.793741
175.3315,0.5513,-177.0332,0.794565
174.9564,0.5507,-177.5977,0.795246
174.5109,0.5504,-178.2826,0.796069
174.0706,0.5509,-178.9758,0.796902
173.7072,0.5511,-179.5594,0.797595
173.2758,0.5518,-180.2673,0.798440
172.9203,0.5532,-180.8632,0.799151
172.4984,0.5543,-181.5845,0.800001
172.0818,0.5552,-182.3126,0.800867
171.7395,0.5559,-182.9234,0.801580
171.4025,0.5570,-183.5369,0.802305
171.0048,0.5583,-184.2759,0.803175
170.6136,0.5588,-185.0176,0.804051
170.2924,0.5590,-185.6375,0.804776
169.9120,0.5591,-186.3832,0.805669
169.5982,0.5588,-187.0057,0.806408
169.2247,0.5581,-187.7536,0.807288
168.8529,0.5568,-188.5017,0.808185
168.5425,0.5555,-189.1259,0.808942
168.2292,0.5554,-189.7528,0.809696
167.8488,0.5554,-190.5088,0.810607
167.4626,0.5551,-191.2657,0.811529
167.1363,0.5557,-191.8946,0.812297
166.7392,0.5558,-192.6453,0.813230
166.4026,0.5557,-193.2671,0.814005
165.9910,0.5556,-194.0077,0.814933
165.5703,0.5557,-194.7418,0.815856
165.2122,0.5560,-195.3480,0.816621
164.8472,0.5563,-195.9489,0.817394
164.3997,0.5567,-196.6625,0.818314
163.9423,0.5571,-197.3666,0.819228
163.5548,0.5581,-197.9435,0.819985
163.0845,0.5591,-198.6232,0.820883
162.6893,0.5584,-199.1793,0.821626
162.2096,0.5584,-199.8323,0.822488
161.7634,0.5594,-200.4182,0.823287
161.3107,0.5597,-200.9940,0.824075
160.8925,0.5598,-201.5084,0.824791
160.3806,0.5606,-202.1148,0.825634
159.9454,0.5618,-202.6113,0.826348
159.4126,0.5638,-203.1970,0.827197
158.8688,0.5658,-203.7717,0.828039
158.4074,0.5673,-204.2422,0.828741
157.9389,0.5684,-204.7049,0.829443
157.3673,0.5694,-205.2499,0.830283
156.8833,0.5700,-205.6952,0.830971
156.3927,0.5704,-206.1320,0.831662
155.7958,0.5707,-206.6447,0.832496
155.1395,0.5710,-207.1854,0.833391
154.5766,0.5713,-207.6306,0.834139
153.9552,0.5716,-208.1034,0.834955
153.3277,0.5719,-208.5618,0.835774
152.9069,0.5719,-208.8590,0.836312
152.2732,0.5719,-209.2922,0.837111
151.7433,0.5718,-209.6412,0.837770
151.2120,0.5718,-209.9793,0.838422
150.5727,0.5718,-210.3706,0.839200
149.9320,0.5721,-210.7461,0.839966
149.2898,0.5727,-211.1058,0.840725
148.6466,0.5733,-211.4497,0.841478
148.1100,0.5739,-211.7243,0.842096
147.4654,0.5747,-212.0394,0.842831
146.8740,0.5753,-212.3145,0.843497
146.2824,0.5759,-212.5764,0.844162
145.7446,0.5763,-212.8029,0.844762
145.0994,0.5768,-213.0604,0.845465
144.4547,0.5772,-213.3021,0.846171
143.9180,0.5776,-213.4914,0.846749
143.2745,0.5779,-213.7040,0.847440
142.7388,0.5782,-213.8690,0.848010
142.0963,0.5786,-214.0525,0.848694
141.4542,0.5791,-214.2201,0.849361
140.9195,0.5795,-214.3475,0.849926
140.3855,0.5799,-214.4640,0.850482
139.7456,0.5804,-214.5893,0.851150
139.2136,0.5808,-214.6816,0.851694
138.6827,0.5810,-214.7630,0.852243
138.0468,0.5814,-214.8462,0.852893
137.4644,0.5816,-214.9088,0.853485
136.8820,0.5819,-214.9585,0.854083
136.2461,0.5823,-214.9982,0.854730
135.6090,0.5825,-215.0231,0.855371
135.1835,0.5826,-215.0316,0.855808
134.4907,0.5825,-215.0318,0.856513
133.8497,0.5821,-215.0172,0.857167
133.2610,0.5816,-214.9915,0.857763
132.7252,0.5808,-214.9579,0.858305
132.0814,0.5798,-214.9047,0.858962
131.4372,0.5786,-214.8375,0.859622
130.7926,0.5772,-214.7565,0.860272
130.2555,0.5759,-214.6784,0.860828
129.7184,0.5745,-214.5906,0.861379
129.0741,0.5729,-214.4727,0.862040
128.4838,0.5713,-214.3525,0.862655
127.8939,0.5698,-214.2208,0.863274
127.2508,0.5682,-214.0642,0.863948
126.7155,0.5670,-213.9233,0.864517
126.0739,0.5656,-213.7420,0.865197
125.4333,0.5644,-213.5473,0.865885
124.7938,0.5635,-213.3395,0.866574
124.3680,0.5632,-213.1938,0.867032
123.7302,0.5627,-212.9646,0.867727
123.0933,0.5625,-212.7230,0.868427
122.5630,0.5623,-212.5123,0.869016
121.9272,0.5622,-212.2484,0.869726
121.3975,0.5622,-212.0193,0.870326
120.7618,0.5625,-211.7337,0.871048
120.1791,0.5628,-211.4620,0.871714
119.5433,0.5631,-211.1549,0.872448
118.9603,0.5634,-210.8641,0.873127
118.4301,0.5636,-210.5922,0.873746
117.7932,0.5640,-210.2569,0.874494
117.2619,0.5643,-209.9704,0.875124
116.6232,0.5648,-209.6189,0.875882
116.0897,0.5654,-209.3200,0.876521
115.4475,0.5672,-208.9555,0.877292
114.9100,0.5698,-208.6480,0.877938
114.1528,0.5753,-208.2138,0.878846
113.6082,0.5805,-207.9026,0.879494
113.0618,0.5865,-207.5924,0.880148
112.5148,0.5927,-207.2848,0.880802
111.8584,0.5994,-206.9208,0.881586
111.2015,0.6064,-206.5643,0.882360
110.6527,0.6119,-206.2726,0.883014
110.0464,0.6158,-205.9569,0.883728
109.4354,0.6183,-205.6468,0.884447
108.7629,0.6206,-205.3153,0.885238
108.1988,0.6207,-205.0449,0.885898
107.5170,0.6184,-204.7285,0.886700
106.8288,0.6152,-204.4222,0.887500
106.2504,0.6125,-204.1754,0.888173
105.5501,0.6101,-203.8904,0.888982
104.9613,0.6094,-203.6626,0.889657
104.2491,0.6098,-203.4013,0.890470
103.6517,0.6107,-203.1935,0.891155
102.9315,0.6118,-202.9563,0.891968
102.3303,0.6125,-202.7690,0.892648
101.6094,0.6124,-202.5565,0.893457
100.9507,0.6104,-202.3732,0.894188
100.2952,0.6072,-202.2014,0.894918
99.5844,0.6031,-202.0280,0.895698
98.8780,0.5985,-201.8690,0.896471
98.2927,0.5941,-201.7478,0.897102
97.6537,0.5897,-201.6270,0.897791
97.0194,0.5862,-201.5197,0.898469
96.3897,0.5829,-201.4253,0.899142
95.7644,0.5800,-201.3444,0.899802
95.2002,0.5780,-201.2828,0.900394
94.5280,0.5760,-201.2236,0.901101
93.8607,0.5734,-201.1798,0.901795
93.3084,0.5709,-201.1552,0.902367
92.7050,0.5679,-201.1409,0.902992
92.0517,0.5648,-201.1410,0.903662
91.4576,0.5622,-201.1553,0.904274
90.9217,0.5602,-201.1805,0.904823
90.2842,0.5584,-201.2257,0.905477
89.7579,0.5575,-201.2761,0.906014
89.1325,0.5570,-201.3515,0.906654
88.5142,0.5573,-201.4430,0.907287
88.0046,0.5577,-201.5312,0.907811
87.5003,0.5581,-201.6298,0.908329
86.8531,0.5585,-201.7734,0.908998
86.3130,0.5586,-201.9081,0.909557
85.8284,0.5586,-202.0411,0.910060
85.2551,0.5585,-202.2137,0.910669
84.7376,0.5583,-202.3843,0.911214
84.2281,0.5581,-202.5665,0.911752
83.6816,0.5578,-202.7784,0.912336
83.2338,0.5575,-202.9651,0.912817
82.7059,0.5571,-203.2013,0.913398
82.2312,0.5566,-203.4292,0.913923
81.6821,0.5559,-203.7121,0.914534
81.2687,0.5554,-203.9396,0.915007
80.8631,0.5546,-204.1753,0.915480
80.4650,0.5530,-204.4186,0.915944
79.9976,0.5505,-204.7213,0.916497
79.6176,0.5500,-204.9837,0.916960
79.1719,0.5503,-205.3102,0.917508
78.7359,0.5496,-205.6480,0.918058
78.3093,0.5472,-205.9967,0.918608
77.9614,0.5457,-206.2971,0.919063
77.6203,0.5450,-206.6065,0.919526
77.2204,0.5441,-206.9879,0.920077
76.8301,0.5422,-207.3799,0.920627
76.5123,0.5400,-207.7147,0.921079
76.1397,0.5369,-208.1269,0.921637
75.8369,0.5344,-208.4790,0.922098
75.4830,0.5317,-208.9118,0.922644
75.1397,0.5295,-209.3557,0.923196
74.8617,0.5280,-209.7337,0.923664
74.5913,0.5268,-210.1189,0.924124
74.3027,0.5260,-210.5509,0.924642
74.0733,0.5257,-210.9106,0.925065
73.7769,0.5259,-211.3986,0.925631
73.4681,0.5268,-211.9379,0.926252
73.2169,0.5279,-212.4026,0.926780
72.9536,0.5297,-212.9179,0.927358
72.7021,0.5319,-213.4407,0.927941
72.5021,0.5337,-213.8801,0.928425
72.3114,0.5352,-214.3201,0.928907
72.0954,0.5364,-214.8463,0.929479
71.8939,0.5375,-215.3697,0.930045
71.7369,0.5385,-215.8031,0.930511
71.5615,0.5401,-216.3194,0.931068
71.4261,0.5419,-216.7464,0.931521
71.2767,0.5447,-217.2544,0.932064
71.1413,0.5484,-217.7573,0.932596
71.0385,0.5516,-218.1721,0.933033
70.9356,0.5546,-218.6239,0.933507
70.8511,0.5568,-219.0301,0.933931
70.7682,0.5590,-219.4720,0.934393
70.6893,0.5612,-219.9479,0.934887
70.6215,0.5627,-220.4175,0.935376
70.5644,0.5634,-220.8807,0.935856
70.5252,0.5638,-221.2616,0.936250
70.4876,0.5643,-221.7125,0.936717
70.4638,0.5647,-222.0833,0.937101
70.4437,0.5650,-222.5224,0.937551
70.4330,0.5652,-222.9196,0.937960
70.4296,0.5654,-223.3121,0.938363
70.4325,0.5660,-223.6656,0.938728
70.4431,0.5670,-224.0869,0.939160
70.4574,0.5680,-224.4365,0.939520
70.4810,0.5692,-224.8542,0.939951
70.5058,0.5701,-225.2007,0.940307
70.5384,0.5708,-225.5804,0.940700
70.5766,0.5713,-225.9583,0.941088
70.6204,0.5715,-226.3351,0.941475
70.6652,0.5717,-226.6765,0.941827
70.7199,0.5719,-227.0510,0.942216
70.7860,0.5722,-227.4581,0.942638
70.8588,0.5724,-227.8635,0.943058
70.9247,0.5726,-228.2000,0.943407
71.0098,0.5726,-228.6021,0.943830
71.0937,0.5723,-228.9689,0.944211
71.1897,0.5715,-229.3638,0.944625
71.2891,0.5695,-229.7508,0.945041
71.3836,0.5670,-230.0986,0.945395
71.4724,0.5645,-230.4092,0.945721
71.5738,0.5617,-230.7444,0.946077
71.6796,0.5591,-231.0729,0.946428
71.8004,0.5565,-231.4245,0.946800
71.9268,0.5539,-231.7709,0.947165
72.0364,0.5518,-232.0578,0.947477
72.1615,0.5498,-232.3749,0.947810
72.2789,0.5483,-232.6660,0.948122
72.4120,0.5467,-232.9906,0.948472
72.5486,0.5455,-233.3206,0.948820
72.6627,0.5445,-233.5950,0.949120
72.7916,0.5435,-233.9047,0.949463
72.9223,0.5428,-234.2196,0.949813
73.1079,0.5429,-234.6693,0.950302
73.2151,0.5433,-234.9308,0.950599
73.3776,0.5442,-235.3295,0.951054
73.5418,0.5451,-235.7357,0.951522
73.7077,0.5449,-236.1498,0.951992
73.8612,0.5437,-236.5363,0.952430
74.0446,0.5390,-237.0015,0.952968
74.1870,0.5327,-237.3653,0.953389
74.3590,0.5225,-237.8083,0.953908
74.5315,0.5097,-238.2574,0.954429
74.7042,0.4971,-238.7121,0.954955
74.8479,0.4874,-239.0937,0.955396
75.0058,0.4779,-239.5168,0.955892
75.1635,0.4702,-239.9442,0.956388
75.3346,0.4635,-240.4141,0.956931
75.5064,0.4602,-240.8903,0.957498
75.6506,0.4616,-241.2928,0.957975
75.8246,0.4673,-241.7807,0.958558
75.9992,0.4745,-242.2722,0.959144
76.1445,0.4798,-242.6819,0.959615
76.3185,0.4842,-243.1734,0.960215
76.4632,0.4862,-243.5827,0.960733
76.6076,0.4869,-243.9919,0.961266
76.7803,0.4869,-244.4827,0.961887
76.9523,0.4870,-244.9734,0.962461
77.0950,0.4876,-245.3823,0.962953
77.2657,0.4888,-245.8732,0.963529
77.4085,0.4903,-246.2854,0.964018
77.5816,0.4926,-246.7871,0.964622
77.7276,0.4948,-247.2114,0.965127
77.8892,0.4968,-247.6831,0.965681
78.0516,0.4983,-248.1593,0.966244
78.2298,0.4991,-248.6838,0.966867
78.3939,0.4995,-249.1691,0.967440
78.5589,0.5002,-249.6588,0.968022
78.7399,0.5010,-250.1981,0.968654
78.9218,0.5016,-250.7428,0.969290
79.0742,0.5020,-251.2009,0.969839
79.2579,0.5025,-251.7557,0.970497
79.4273,0.5031,-252.2690,0.971090
79.5973,0.5036,-252.7866,0.971693
79.7525,0.5037,-253.2610,0.972257
79.9396,0.5036,-253.8353,0.972934
80.0962,0.5034,-254.3182,0.973494
80.2850,0.5032,-254.9027,0.974174
80.4748,0.5032,-255.4927,0.974857
80.6337,0.5032,-255.9885,0.975449
80.8094,0.5033,-256.5382,0.976072
80.9699,0.5034,-257.0418,0.976657
81.1798,0.5035,-257.7020,0.977419
81.3422,0.5036,-258.2141,0.978007
81.5054,0.5037,-258.7299,0.978612
81.7024,0.5037,-259.3536,0.979317
81.8674,0.5038,-259.8774,0.979921
82.0999,0.5039,-260.6169,0.980768
82.2669,0.5040,-261.1494,0.981364
82.4684,0.5042,-261.7932,0.982110
82.6372,0.5043,-262.3337,0.982724
82.8408,0.5044,-262.9870,0.983454
83.0113,0.5045,-263.5354,0.984073
83.2171,0.5046,-264.1982,0.984821
83.4240,0.5048,-264.8661,0.985574
83.5972,0.5049,-265.4266,0.986207
83.7712,0.5050,-265.9907,0.986825
83.9811,0.5052,-266.6722,0.987600
84.1922,0.5054,-267.3587,0.988362
84.3691,0.5055,-267.9347,0.988992
84.5826,0.5057,-268.6303,0.989764
84.7617,0.5059,-269.2138,0.990422
84.9778,0.5060,-269.9185,0.991186
85.1591,0.5062,-270.5094,0.991830
85.3781,0.5064,-271.2231,0.992617
85.5985,0.5066,-271.9416,0.993394
85.7833,0.5068,-272.5439,0.994049
85.9878,0.5070,-273.2104,0.994774
86.1936,0.5072,-273.8810,0.995492
86.4196,0.5075,-274.6170,0.996293
86.6091,0.5077,-275.2340,0.996949
86.8379,0.5079,-275.9788,0.997752
87.0297,0.5081,-276.6031,0.998422
87.2614,0.5084,-277.3565,0.999233
87.6896,0.5088,-278.7486,0.000712
87.9245,0.5088,-279.5117,0.001529
88.1204,0.5086,-280.1480,0.002201
